Name,Email,Website,Phone Number,Net Worth
Anna Jenkins,,http://tran.com/,,$74 billion
Nishith Wadhwa,vsachdeva@gmail.com,http://thaker.com/,4726597841,$66 billion
Gerd S?∏rensen,arild80@hotmail.com,http://antonsen.com/,+47 32 90 93 83,$74 billion
Á?ãË∂Ö,hgu@gmail.com,http://www.73.net/,18099330306,$123 billion
??Ñ??Ñ?†ï,jeonghocoe@hanmail.net,https://jusighoesa.com/,,$126 billion
Áî∞?∏≠ Èáå?Ω≥,,https://tanaka.net/,070-8821-2415,$144 billion
Deanna Bender,rvasquez@gmail.com,https://arnold.net/,4839936016,$90 billion
Kavya Kalla,nmann@gmail.com,http://www.shere.com/,2357487988,$148 billion
Grete Jacobsen,johannessenjenny@yahoo.com,http://tveit.com/,,$42 billion
??ó??ÇËã±,linjun@hotmail.com,http://qiang.cn/,13609064748,$56 billion
Í∂åÎ≥ë?≤†,,https://ju.com/,016-844-9779,$171 billion
?Ωê?ÄÖ?ú® Áõ¥?≠ê,takumasuzuki@yahoo.com,http://fujiwara.com/,080-4699-4757,$189 billion
Joseph Bennett,sullivandavid@yahoo.com,https://harris-mullins.com/,,$17 billion
Indranil Shukla,mishtidevan@yahoo.com,https://zachariah.biz/,9920718729,$175 billion
Torbj?∏rn Eide,geir65@hotmail.com,https://evensen-pedersen.com/,96743486,$11 billion
ËåÉÈ£?,,https://pingchao.cn/,14589162736,$123 billion
?ñë?ßÄ?ó∞,jeonjihun@gmail.com,http://jusighoesa.com/,,$184 billion
Ë•??ùë ??É?≠ê,takumanakajima@yahoo.com,http://www.kato.net/,84-5006-8140,$92 billion
Carrie Houston,nataliebrown@gmail.com,http://www.rubio.com/,001-928-286-4716x322,$112 billion
Urvi Rout,dben@yahoo.com,http://mani-tella.com/,9.13273E+11,$183 billion
K?•re Andersen,,http://www.solberg.no/,,$82 billion
Á?ã?ª??ç?,leijin@yahoo.com,http://71.cn/,15813751106,$108 billion
??§?à?Îπà,jiyeonggim@hanmail.net,http://ju.com/,033-427-6616,$151 billion
?ΩêËó§ ?∑≥,yokogoto@gmail.com,https://kimura.jp/,080-1616-2070,$163 billion
Stephen Browning,andrew92@hotmail.com,https://www.delacruz-cobb.com/,,$15 billion
Tarini Hari,,https://www.yohannan-arya.com/,9.16373E+11,$69 billion
Wenche-Julie Aasen,dahlterje@yahoo.com,https://www.aas-haug.com/,945 73 990,$46 billion
Èí??ô∂,gang55@hotmail.com,http://www.63.net/,15717310825,$24 billion
??§Î?Ö?àô,hyeonjun22@hotmail.com,https://angimo.com/,,$34 billion
??ï?∏? ?ππ,kondonaoki@hotmail.com,https://www.ikeda.org/,080-9746-2028,$2 billion
Amber Mercer,,http://flowers-osborne.info/,001-342-957-9788x124,$46 billion
Lavanya Kota,vsule@gmail.com,https://agarwal-doshi.com/,4355985865,$168 billion
Wenche-Bj?∏rg N?¶ss,hans47@hotmail.com,http://www.joergensen-boee.com/,,$123 billion
Ëµµ?∑ëÁèç,jing15@yahoo.com,https://www.qiang.cn/,14793205416,$155 billion
ÍπÄÍ≤Ω??ê,jieungim@hanmail.net,https://www.ju.kr/,019-798-1923,$125 billion
Èà¥?ú® Á?•?Æ?,,http://kondo.com/,070-8335-7090,$196 billion
Nicole Collier,georgemorris@gmail.com,https://www.johnson.biz/,,$165 billion
Advika Solanki,thakkardivit@gmail.com,http://www.lalla.com/,6721839460,$18 billion
Andrea Thorsen,alfhaugland@yahoo.com,http://solheim.net/,69916701,$12 billion
ËÆ∏?Ω¨,ming06@hotmail.com,http://www.un.cn/,13114104285,$25 billion
Î∞∞?ùÄ?†ï,,https://www.igim.com/,,$99 billion
Èï∑Ë∞∑?∑ù Áæ???†?≠ê,matsumotosatomi@gmail.com,http://sato.org/,53-5845-2347,$143 billion
Angela Barnes,jennifergallagher@hotmail.com,https://www.beasley-orozco.com/,625-837-7335,$11 billion
Diya Sha,lakshaygade@gmail.com,http://devi.com/,2251980947,$69 billion
Eirik-Erling Moe,larsenlaila@hotmail.com,https://aas.no/,,$100 billion
Èôà??ÇËç£,,http://uy.cn/,14599804438,$151 billion
Í∞ï?§Ä??Å,sunjai@hotmail.com,http://www.yuhanhoesa.net/,063-385-8557,$185 billion
?∏Ö?∞¥ ?Åè?Å??≠ê,matsudanaoto@hotmail.com,https://www.tanaka.com/,38-7735-0239,$186 billion
Maria Contreras,daniel01@gmail.com,https://www.green-hanna.com/,,$2 billion
Advik Sahni,oarya@gmail.com,http://vasa.biz/,439778837,$15 billion
